foo,CR-Fairmount,CR-Fitchburg,CR-Greenbush,CR-Haverhill,CR-Kingston,CR-Lowell,CR-Needham,CR-Newburyport,CR-Providence,CR-Worcester
0,22.333333333333332,90.4,56.38333333333333,69.3,65.93333333333334,43.416666666666664,43.8,64.66666666666667,84.44166666666666,85.4
1,24.05,109.23333333333333,53.666666666666664,75.71666666666667,66.625,47.15,48.333333333333336,68.54166666666666,89.21666666666667,82.41666666666667
2,24.016666666666666,93.95,58.86666666666667,67.95,67.5,47.31666666666667,47.733333333333334,68.025,88.05,85.2
3,24.016666666666666,85.1,56.666666666666664,70.91666666666667,66.9,48.7,43.9,71.70833333333334,81.26666666666667,80.86666666666666
4,23.5,92.78333333333333,55.3,70.85,63.275000000000006,47.9,44.266666666666666,67.675,88.29166666666667,81.46666666666667
5,24.516666666666666,98.91666666666667,55.9,65.4,66.38333333333333,46.81666666666667,49.15,67.6,86.68333333333334,85.28333333333333
6,23.05,84.18333333333334,55.233333333333334,68.43333333333334,65.43333333333334,46.016666666666666,45.05,68.4,82.24166666666667,97.83333333333333
7,25.016666666666666,92.25,59.166666666666664,71.56666666666666,67.53333333333333,43.733333333333334,40.45,70.375,84.50833333333333,93.95
8,24.533333333333335,96.76666666666667,57.1,72.8,66.84166666666667,47.68333333333333,40.583333333333336,68.51666666666667,85.45,85.36666666666666
9,24.016666666666666,88.11666666666666,55.3,69.75,69.625,38.483333333333334,45.1,68.85833333333333,85.175,80.8
10,25.716666666666665,83.38333333333334,57.016666666666666,73.75,60.88333333333334,40.25,38.483333333333334,65.2,84.34166666666667,82.45
11,21.016666666666666,109.3,59.8,65.71666666666667,68.03333333333333,45.85,39.266666666666666,66.175,85.3,82.28333333333333
12,22.516666666666666,98.31666666666666,56.016666666666666,68.86666666666666,67.66666666666667,55.38333333333333,40.266666666666666,69.10833333333332,83.525,86.46666666666667
13,26.55,99.86666666666666,57.0,81.76666666666667,67.975,44.71666666666667,45.18333333333333,70.775,89.34166666666667,84.61666666666666
14,24.516666666666666,88.78333333333333,59.083333333333336,67.16666666666667,66.775,45.71666666666667,42.766666666666666,68.025,83.57499999999999,88.1
15,25.033333333333335,106.13333333333334,55.93333333333333,72.0,67.86666666666667,49.03333333333333,49.55,66.9,91.49166666666667,80.55
16,22.516666666666666,92.95,57.25,71.96666666666667,67.575,48.483333333333334,46.63333333333333,64.77499999999999,80.9,80.01666666666667
17,24.533333333333335,99.78333333333333,59.233333333333334,64.96666666666667,65.69166666666666,46.983333333333334,40.56666666666667,67.96666666666667,89.76666666666668,84.75
18,24.533333333333335,87.63333333333334,56.53333333333333,78.1,66.81666666666666,50.3,45.96666666666667,64.125,87.93333333333334,88.13333333333334
19,27.533333333333335,104.01666666666667,60.31666666666667,67.13333333333334,73.325,42.38333333333333,46.4,70.41666666666667,83.61666666666667,83.15
20,23.533333333333335,91.7,54.06666666666667,71.18333333333334,65.925,45.3,41.03333333333333,70.575,86.53333333333333,83.56666666666666
21,25.533333333333335,99.93333333333334,55.8,71.3,67.96666666666667,48.28333333333333,49.233333333333334,98.20833333333333,84.78333333333333,77.75
22,28.016666666666666,94.81666666666666,53.68333333333333,75.18333333333334,68.20833333333334,47.36666666666667,41.75,84.7,94.0,95.36666666666666
23,24.066666666666666,86.66666666666667,57.6,67.65,69.59166666666667,44.4,37.85,69.98333333333332,80.63333333333333,81.98333333333333
24,24.516666666666666,98.53333333333333,54.05,65.76666666666667,67.88333333333333,45.45,37.88333333333333,65.40833333333333,87.175,78.08333333333333
25,23.516666666666666,86.11666666666666,53.4,67.0,65.31666666666666,46.983333333333334,45.5,69.425,81.93333333333334,78.98333333333333
26,22.533333333333335,103.1,57.166666666666664,71.18333333333334,65.175,41.31666666666667,43.03333333333333,67.49166666666667,84.93333333333334,88.3
27,24.533333333333335,134.93333333333334,53.95,64.66666666666667,67.18333333333334,42.016666666666666,39.93333333333333,65.9,90.44166666666666,98.35
28,26.033333333333335,93.76666666666667,55.31666666666667,76.18333333333334,65.39166666666667,54.833333333333336,43.53333333333333,65.89166666666667,94.93333333333334,99.6
29,24.533333333333335,94.98333333333333,55.233333333333334,71.08333333333333,68.41666666666667,41.61666666666667,39.21666666666667,69.525,82.475,94.35
30,21.533333333333335,82.95,57.0,71.21666666666667,68.14166666666667,48.916666666666664,44.583333333333336,65.35,80.75833333333333,79.81666666666666
31,21.533333333333335,106.7,58.13333333333333,78.46666666666667,67.53333333333333,47.28333333333333,40.516666666666666,67.15833333333333,86.19999999999999,100.83333333333333
32,21.516666666666666,93.01666666666667,60.28333333333333,67.35,67.18333333333334,40.31666666666667,52.18333333333333,69.08333333333333,85.38333333333333,85.58333333333333
33,23.0,106.13333333333334,55.416666666666664,71.36666666666666,71.44166666666666,47.68333333333333,46.333333333333336,70.475,85.20833333333333,96.35
34,28.066666666666666,85.81666666666666,54.166666666666664,71.01666666666667,65.3,48.43333333333333,40.18333333333333,71.05,88.175,95.41666666666667
35,24.066666666666666,92.06666666666666,55.25,74.58333333333333,66.66666666666667,51.25,45.15,69.68333333333334,89.45833333333333,89.86666666666666
36,22.516666666666666,80.41666666666667,57.46666666666667,78.13333333333334,67.40833333333333,89.05,44.25,61.58333333333333,80.20833333333333,86.68333333333334
37,24.033333333333335,103.18333333333334,62.45,73.95,65.10833333333333,45.36666666666667,39.36666666666667,66.75833333333334,86.86666666666666,92.38333333333334
38,25.033333333333335,91.73333333333333,57.233333333333334,66.53333333333333,69.63333333333333,47.15,39.483333333333334,69.80833333333334,85.67500000000001,80.76666666666667
39,23.65,98.13333333333334,54.55,67.25,67.04166666666667,44.166666666666664,42.733333333333334,69.29166666666667,87.04166666666667,86.61666666666666
40,26.533333333333335,95.2,69.96666666666667,70.78333333333333,69.17500000000001,40.38333333333333,39.43333333333333,67.975,88.59166666666667,102.85
41,27.016666666666666,94.36666666666666,63.483333333333334,66.31666666666666,66.35833333333333,42.96666666666667,42.983333333333334,66.23333333333333,96.43333333333334,97.45
42,26.533333333333335,87.35,90.96666666666667,68.31666666666666,68.78333333333333,41.93333333333333,36.583333333333336,71.95,80.84166666666667,95.71666666666667
43,23.516666666666666,95.7,60.35,61.68333333333333,66.83333333333334,43.46666666666667,41.43333333333333,57.38333333333334,89.76666666666667,93.05
44,23.033333333333335,97.6,62.15,68.76666666666667,66.55833333333334,45.6,45.11666666666667,66.6,80.16666666666666,85.38333333333334
45,23.516666666666666,99.5,54.166666666666664,76.43333333333334,68.075,54.7,44.083333333333336,68.9,86.275,83.25
46,26.033333333333335,95.88333333333334,54.68333333333333,68.2,71.68333333333334,42.45,47.38333333333333,67.79166666666666,85.75833333333333,86.25
47,21.933333333333334,86.26666666666667,57.35,77.88333333333334,68.26666666666667,41.6,38.88333333333333,65.19999999999999,80.93333333333334,93.6
48,24.033333333333335,91.9,54.55,70.71666666666667,66.99166666666667,44.05,37.3,71.93333333333334,84.15833333333333,93.43333333333334
49,23.5,98.2,56.81666666666667,72.66666666666667,70.35,47.766666666666666,40.75,69.26666666666667,85.68333333333334,96.35
50,22.55,105.91666666666667,55.3,73.85,67.91666666666667,46.53333333333333,44.1,71.06666666666666,90.925,83.68333333333334
51,22.016666666666666,91.96666666666667,59.266666666666666,67.15,65.26666666666667,45.56666666666667,41.583333333333336,66.34166666666667,83.4,97.58333333333333
52,20.05,98.93333333333334,58.2,63.11666666666667,66.80833333333334,49.15,46.083333333333336,69.375,81.38333333333333,86.03333333333333
53,22.516666666666666,92.41666666666667,57.516666666666666,72.53333333333333,68.49166666666666,39.46666666666667,39.266666666666666,69.03333333333333,84.05,86.35
54,25.016666666666666,98.45,55.75,63.46666666666667,67.1,45.45,43.61666666666667,66.575,82.38333333333333,80.18333333333334
55,22.516666666666666,89.7,53.88333333333333,77.03333333333333,66.90833333333333,46.93333333333333,47.61666666666667,69.64166666666667,86.39166666666667,93.93333333333334
56,24.016666666666666,86.2,55.983333333333334,67.56666666666666,65.71666666666667,46.68333333333333,44.516666666666666,65.01666666666667,82.96666666666667,85.18333333333334
57,23.033333333333335,92.05,54.71666666666667,71.01666666666667,67.58333333333334,41.93333333333333,45.28333333333333,67.28333333333333,83.11666666666667,101.91666666666667
58,24.516666666666666,95.15,56.166666666666664,61.483333333333334,66.13333333333333,53.05,38.416666666666664,65.975,84.55833333333334,81.86666666666666
59,16.0,93.81666666666666,55.06666666666667,70.26666666666667,65.23333333333333,44.4,39.53333333333333,69.05833333333334,83.49166666666667,99.03333333333333
60,24.033333333333335,97.18333333333334,57.333333333333336,73.16666666666667,69.65,48.833333333333336,40.233333333333334,65.33333333333334,86.30833333333334,85.86666666666666
61,24.033333333333335,91.6,55.88333333333333,81.55,69.23333333333333,46.55,44.1,70.33333333333333,82.82499999999999,81.2
62,24.533333333333335,100.38333333333334,53.85,66.4,69.225,42.15,43.21666666666667,65.625,81.85,87.93333333333334
63,26.533333333333335,82.53333333333333,54.61666666666667,66.1,74.36666666666667,43.03333333333333,51.85,68.45833333333333,81.48333333333333,82.28333333333333
64,27.533333333333335,95.73333333333333,62.15,72.83333333333333,68.05833333333334,50.666666666666664,64.45,67.725,87.42500000000001,78.88333333333334
65,22.55,91.48333333333333,60.68333333333333,70.55,68.00833333333333,55.9,48.0,64.2,84.07499999999999,88.76666666666667
66,22.533333333333335,99.13333333333334,55.3,70.88333333333334,68.26666666666667,47.266666666666666,42.78333333333333,67.15833333333333,82.80833333333334,85.83333333333333
67,24.033333333333335,91.71666666666667,55.0,72.68333333333334,67.78333333333333,46.65,49.016666666666666,67.575,82.50833333333333,77.96666666666667
68,23.233333333333334,81.91666666666667,53.88333333333333,74.36666666666666,70.975,47.9,45.1,67.06666666666666,83.975,81.31666666666666
69,24.533333333333335,91.48333333333333,55.666666666666664,77.48333333333333,75.175,39.2,44.6,67.50833333333333,88.575,87.68333333333334
70,22.516666666666666,114.73333333333333,54.28333333333333,69.86666666666666,76.70833333333333,44.0,43.8,65.55833333333334,85.24166666666667,81.25
71,21.533333333333335,100.95,56.25,71.36666666666666,63.541666666666664,45.7,37.86666666666667,68.225,82.775,79.63333333333334
72,24.8,105.43333333333334,55.0,72.28333333333333,66.675,46.71666666666667,37.06666666666667,64.53333333333333,83.78333333333333,86.11666666666666
73,21.516666666666666,92.7,53.78333333333333,77.85,68.70833333333334,46.2,41.11666666666667,67.83333333333334,86.95833333333333,93.83333333333333
74,22.016666666666666,101.63333333333334,57.05,69.28333333333333,67.5,48.15,44.9,68.75,84.94999999999999,97.88333333333334
75,24.0,103.08333333333333,57.86666666666667,72.93333333333334,69.09166666666667,46.2,44.28333333333333,70.90833333333333,82.83333333333333,82.48333333333333
76,24.533333333333335,91.93333333333334,51.583333333333336,69.21666666666667,73.60833333333333,46.85,42.28333333333333,68.66666666666667,88.30000000000001,87.3
77,23.516666666666666,94.23333333333333,55.11666666666667,73.95,65.95,46.983333333333334,44.75,67.89166666666667,86.675,158.68333333333334
78,24.533333333333335,105.13333333333334,54.766666666666666,76.41666666666667,71.61666666666667,41.45,45.53333333333333,68.5,80.49166666666667,92.6
79,24.533333333333335,94.78333333333333,57.11666666666667,75.76666666666667,75.80833333333334,42.56666666666667,59.4,67.21666666666667,82.04166666666667,88.35
80,32.63333333333333,86.15,55.483333333333334,70.88333333333334,103.65,46.06666666666667,45.46666666666667,65.575,88.61666666666667,82.78333333333333
81,22.733333333333334,93.61666666666666,62.7,66.43333333333334,77.90833333333333,47.8,47.13333333333333,68.49166666666667,89.00833333333333,97.86666666666666
82,26.516666666666666,102.95,56.56666666666667,70.11666666666666,70.65,44.78333333333333,43.46666666666667,68.65833333333333,86.03333333333333,80.55
83,24.566666666666666,94.7,55.06666666666667,67.4,69.94166666666666,50.11666666666667,37.85,69.975,85.66666666666666,82.3
84,22.033333333333335,98.06666666666666,61.35,75.5,76.95833333333333,52.13333333333333,46.11666666666667,71.08333333333334,81.21666666666667,86.23333333333333
85,23.3,86.4,53.7,66.7,70.18333333333334,43.483333333333334,41.733333333333334,69.96666666666667,81.36666666666667,96.36666666666666
86,25.033333333333335,107.06666666666666,55.666666666666664,61.88333333333333,71.7,43.93333333333333,37.416666666666664,72.65,88.09166666666667,79.85
87,26.033333333333335,99.11666666666666,53.68333333333333,71.6,68.21666666666667,45.56666666666667,37.75,68.55,83.54166666666666,79.6
88,24.533333333333335,114.23333333333333,58.95,76.01666666666667,72.925,47.95,43.3,70.11666666666667,85.45833333333333,85.88333333333334
89,23.516666666666666,84.58333333333333,55.28333333333333,66.4,77.34166666666667,50.13333333333333,44.983333333333334,67.94166666666666,83.375,87.06666666666666
90,23.533333333333335,99.48333333333333,58.18333333333333,64.7,67.96666666666667,45.483333333333334,45.56666666666667,63.733333333333334,82.35833333333332,79.76666666666667
91,23.016666666666666,81.38333333333334,54.1,72.46666666666667,57.4,46.93333333333333,46.68333333333333,68.98333333333333,86.82499999999999,77.56666666666666
92,20.033333333333335,101.16666666666667,55.21666666666667,77.33333333333333,67.08333333333333,47.95,40.11666666666667,70.10833333333333,86.32499999999999,81.86666666666666
93,25.45,105.3,54.666666666666664,78.03333333333333,53.03333333333333,45.13333333333333,43.78333333333333,64.18333333333334,84.25,85.66666666666667
94,21.016666666666666,82.68333333333334,56.88333333333333,68.15,55.416666666666664,40.3,41.666666666666664,69.825,84.85,108.53333333333333
95,26.016666666666666,96.1,54.63333333333333,73.33333333333333,51.61666666666667,45.916666666666664,42.68333333333333,87.675,87.21666666666667,85.08333333333333
96,25.516666666666666,100.33333333333333,56.21666666666667,74.58333333333333,53.65,42.35,43.38333333333333,70.025,92.9,90.35
97,26.033333333333335,98.78333333333333,55.31666666666667,70.2,61.36666666666667,43.78333333333333,41.416666666666664,71.08333333333334,89.78333333333333,81.18333333333334
98,22.533333333333335,94.66666666666667,54.45,63.86666666666667,65.0,44.65,49.0,63.875,90.81666666666666,100.35
99,24.066666666666666,46.03333333333333,57.083333333333336,73.21666666666667,60.0,47.38333333333333,51.28333333333333,69.25,91.7,83.05
100,24.016666666666666,98.43333333333334,53.483333333333334,67.36666666666666,67.08333333333333,52.43333333333333,46.45,70.10833333333333,90.33333333333333,78.28333333333333
101,25.033333333333335,102.23333333333333,53.38333333333333,70.83333333333333,61.266666666666666,47.03333333333333,43.2,69.53333333333333,93.41666666666667,86.0
102,23.516666666666666,97.51666666666667,55.083333333333336,64.51666666666667,57.65,46.28333333333333,54.2,90.26666666666667,90.0,81.3
103,23.516666666666666,96.51666666666667,55.36666666666667,72.68333333333334,56.983333333333334,45.56666666666667,44.53333333333333,63.75,95.41666666666667,82.63333333333334
104,24.016666666666666,83.55,53.766666666666666,76.26666666666667,55.166666666666664,45.85,40.416666666666664,67.94166666666666,89.81666666666666,93.83333333333333
105,23.3,93.16666666666667,58.18333333333333,69.63333333333334,54.71666666666667,46.88333333333333,39.8,71.80833333333334,91.43333333333334,90.36666666666666
106,22.783333333333335,104.13333333333334,54.06666666666667,62.9,53.03333333333333,47.016666666666666,47.6,74.21666666666667,89.51666666666667,92.31666666666666
107,25.516666666666666,93.5,56.21666666666667,71.46666666666667,52.583333333333336,45.0,46.46666666666667,70.03333333333333,96.58333333333333,98.15
108,25.05,82.65,55.81666666666667,78.73333333333333,53.43333333333333,44.3,48.21666666666667,73.45833333333333,93.8,81.63333333333334
109,24.033333333333335,99.16666666666667,58.266666666666666,68.31666666666666,57.9,46.78333333333333,40.43333333333333,71.13333333333333,91.51666666666667,87.86666666666666
110,23.033333333333335,93.43333333333334,55.03333333333333,69.88333333333334,54.666666666666664,41.9,38.55,72.44166666666666,101.2,87.48333333333333
111,24.033333333333335,96.4,54.583333333333336,63.416666666666664,65.65,43.8,43.233333333333334,68.35833333333333,89.91666666666667,75.98333333333333
112,22.533333333333335,108.8,55.983333333333334,84.16666666666667,56.06666666666667,45.35,42.35,67.93333333333334,90.85,79.98333333333333
113,22.533333333333335,83.31666666666666,57.63333333333333,69.08333333333333,56.916666666666664,48.266666666666666,47.733333333333334,73.80833333333334,90.46666666666667,89.41666666666667
114,24.033333333333335,102.98333333333333,57.85,142.78333333333333,58.53333333333333,47.833333333333336,46.766666666666666,78.31666666666666,101.65,91.81666666666666
115,23.55,94.05,53.53333333333333,83.78333333333333,67.56666666666666,51.666666666666664,40.483333333333334,77.38333333333333,90.58333333333333,94.93333333333334
116,24.516666666666666,96.63333333333334,56.1,72.68333333333334,52.733333333333334,51.2,45.78333333333333,70.90833333333333,92.13333333333334,82.48333333333333
117,24.366666666666667,101.66666666666667,53.516666666666666,72.71666666666667,56.56666666666667,48.65,44.3,63.13333333333334,94.78333333333333,84.8
118,21.466666666666665,96.08333333333333,57.68333333333333,71.45,54.45,39.666666666666664,45.083333333333336,66.76666666666667,91.23333333333333,85.8
119,23.016666666666666,98.83333333333333,58.78333333333333,66.55,57.61666666666667,48.916666666666664,42.88333333333333,69.70833333333333,102.81666666666666,95.86666666666666
120,23.516666666666666,94.9,56.35,69.63333333333334,59.11666666666667,47.38333333333333,41.666666666666664,77.7,90.66666666666667,89.95
121,24.016666666666666,83.15,59.016666666666666,64.7,67.08333333333333,48.63333333333333,44.46666666666667,71.89999999999999,90.1,97.45
122,23.516666666666666,109.76666666666667,54.016666666666666,65.53333333333333,57.083333333333336,50.61666666666667,47.53333333333333,71.79166666666666,89.93333333333334,80.0
123,23.8,97.15,56.63333333333333,70.38333333333334,59.18333333333333,40.9,41.38333333333333,67.44999999999999,90.0,97.85
124,26.533333333333335,104.26666666666667,54.96666666666667,67.8,54.5,44.11666666666667,44.5,70.26666666666667,90.06666666666666,83.25
125,24.516666666666666,102.08333333333333,53.65,66.01666666666667,55.31666666666667,47.63333333333333,47.983333333333334,71.125,94.65,95.85
126,23.516666666666666,98.21666666666667,55.0,70.96666666666667,57.55,41.86666666666667,44.63333333333333,66.74166666666667,92.96666666666667,85.88333333333334
127,24.516666666666666,93.1,57.13333333333333,71.28333333333333,56.65,54.53333333333333,45.8,74.725,91.81666666666666,80.51666666666667
128,24.55,98.75,61.3,67.8,54.55,41.1,47.93333333333333,68.3,89.71666666666667,81.41666666666667
129,21.516666666666666,107.25,55.61666666666667,70.71666666666667,56.333333333333336,51.7,43.733333333333334,71.28333333333333,89.33333333333333,68.45
130,22.533333333333335,93.48333333333333,57.06666666666667,63.21666666666667,53.81666666666667,44.6,45.666666666666664,67.95833333333334,87.4,99.45
131,21.516666666666666,98.03333333333333,60.9,73.18333333333334,55.95,43.56666666666667,44.55,71.65833333333333,93.35,89.58333333333333
132,22.516666666666666,103.11666666666666,59.06666666666667,71.25,52.21666666666667,50.2,48.1,68.19166666666666,89.3,42.5
133,20.516666666666666,87.51666666666667,54.93333333333333,72.06666666666666,54.583333333333336,43.166666666666664,39.56666666666667,70.1,94.56666666666666,85.16666666666667
134,21.016666666666666,102.2,54.36666666666667,74.18333333333334,55.21666666666667,43.7,47.016666666666666,66.91666666666666,93.36666666666666,87.86666666666666
135,21.016666666666666,91.8,54.06666666666667,67.8,57.06666666666667,46.53333333333333,46.25,69.43333333333334,89.23333333333333,83.6
136,23.533333333333335,99.86666666666666,58.166666666666664,71.05,66.46666666666667,66.48333333333333,45.1,66.78333333333333,95.38333333333334,82.0
137,24.4,96.0,56.3,63.516666666666666,56.35,46.25,39.53333333333333,66.66666666666667,90.11666666666666,98.68333333333334
138,24.516666666666666,83.0,57.333333333333336,72.68333333333334,62.56666666666667,51.25,40.0,71.88333333333333,88.68333333333334,95.33333333333333
139,27.1,97.38333333333334,53.8,59.86666666666667,56.65,45.483333333333334,40.766666666666666,69.51666666666667,92.73333333333333,90.16666666666667
140,24.466666666666665,82.51666666666667,67.1,71.96666666666667,56.1,56.95,43.85,68.74166666666667,86.81666666666666,81.43333333333334
141,23.533333333333335,93.11666666666666,54.083333333333336,67.23333333333333,59.71666666666667,43.516666666666666,43.9,72.15,94.85,87.51666666666667
142,23.533333333333335,102.33333333333333,55.56666666666667,70.03333333333333,60.15,41.833333333333336,45.13333333333333,77.01666666666667,95.46666666666667,79.1
143,22.033333333333335,98.3,57.9,71.35,55.06666666666667,41.6,45.06666666666667,68.85,98.28333333333333,83.0
144,22.516666666666666,83.9,58.083333333333336,70.76666666666667,57.56666666666667,53.416666666666664,44.13333333333333,69.33333333333333,93.88333333333334,93.95
145,21.533333333333335,92.83333333333333,54.916666666666664,69.18333333333334,54.016666666666666,46.416666666666664,49.5,68.96666666666667,95.75,48.8
146,22.05,110.56666666666666,54.56666666666667,72.51666666666667,55.983333333333334,43.2,43.93333333333333,69.04166666666666,103.68333333333334,85.76666666666667
147,23.533333333333335,80.11666666666666,56.61666666666667,73.2,54.65,45.25,45.03333333333333,67.40833333333333,90.91666666666667,95.0
148,25.033333333333335,104.91666666666667,58.96666666666667,68.71666666666667,54.18333333333333,45.4,43.416666666666664,67.03333333333333,93.76666666666667,106.91666666666667
149,25.8,91.51666666666667,55.416666666666664,67.3,67.58333333333333,45.083333333333336,48.68333333333333,68.3,88.65,97.21666666666667
150,25.816666666666666,98.75,54.38333333333333,72.48333333333333,56.333333333333336,47.63333333333333,45.016666666666666,74.1,108.15,85.45
151,22.55,95.96666666666667,55.36666666666667,71.46666666666667,52.93333333333333,49.666666666666664,47.9,69.04166666666666,89.9,80.88333333333334
152,23.85,102.08333333333333,59.11666666666667,70.45,66.81666666666666,39.833333333333336,46.53333333333333,65.125,95.95,87.83333333333333
153,24.5,97.46666666666667,54.56666666666667,37.85,58.483333333333334,45.75,45.916666666666664,70.35833333333333,98.88333333333334,79.81666666666666
154,56.3,81.03333333333333,53.88333333333333,72.96666666666667,54.36666666666667,43.63333333333333,43.083333333333336,66.49166666666666,89.11666666666666,83.5
155,23.016666666666666,98.2,51.28333333333333,66.98333333333333,56.9,47.96666666666667,37.03333333333333,70.40833333333333,96.53333333333333,83.55
156,24.25,100.05,55.1,70.36666666666666,57.6,47.95,37.233333333333334,69.70833333333334,88.8,82.4
157,23.533333333333335,102.68333333333334,56.53333333333333,77.78333333333333,52.233333333333334,50.13333333333333,44.016666666666666,67.1,90.75,80.7
158,22.516666666666666,92.98333333333333,56.85,70.98333333333333,54.2,50.55,42.083333333333336,67.98333333333333,89.28333333333333,97.7
159,22.033333333333335,90.33333333333333,55.1,71.13333333333334,67.58333333333333,47.4,40.28333333333333,69.88333333333333,89.66666666666667,84.11666666666666
160,23.016666666666666,98.1,53.983333333333334,73.43333333333334,55.06666666666667,38.4,44.81666666666667,70.90833333333333,95.75,95.9
161,22.533333333333335,113.48333333333333,55.03333333333333,72.35,63.1,45.13333333333333,46.733333333333334,67.225,91.23333333333333,79.85
162,22.033333333333335,97.85,58.8,67.6,62.4,40.46666666666667,44.516666666666666,63.34166666666667,89.26666666666667,83.95
163,22.016666666666666,97.95,54.1,71.31666666666666,67.58333333333333,42.1,40.13333333333333,65.375,96.51666666666667,80.65
164,23.033333333333335,80.41666666666667,55.733333333333334,81.06666666666666,62.95,43.2,45.35,69.79166666666666,91.9,98.53333333333333
165,24.533333333333335,91.93333333333334,54.53333333333333,71.1,57.38333333333333,45.983333333333334,47.766666666666666,69.0,89.4,81.46666666666667
166,23.016666666666666,91.81666666666666,55.9,72.35,60.36666666666667,50.2,44.38333333333333,66.81666666666666,93.13333333333334,80.96666666666667
167,24.533333333333335,98.55,56.75,73.08333333333333,56.05,51.11666666666667,42.35,75.45,84.85,90.4
168,25.016666666666666,81.16666666666667,56.5,67.21666666666667,58.333333333333336,48.15,39.55,66.2,,79.18333333333334
169,24.016666666666666,92.28333333333333,59.166666666666664,65.46666666666667,59.36666666666667,45.666666666666664,49.75,66.675,,85.26666666666667
170,23.533333333333335,106.98333333333333,53.78333333333333,73.16666666666667,62.1,51.083333333333336,47.05,67.71666666666667,,100.63333333333334
171,24.016666666666666,103.71666666666667,53.266666666666666,73.41666666666667,61.9,40.916666666666664,44.85,71.51666666666667,,101.11666666666666
172,24.85,91.53333333333333,64.16666666666667,68.03333333333333,56.93333333333333,47.03333333333333,45.86666666666667,65.90833333333333,,79.66666666666667
173,22.516666666666666,97.33333333333333,56.516666666666666,74.43333333333334,51.65,45.56666666666667,47.6,70.875,,82.03333333333333
174,24.033333333333335,94.98333333333333,57.05,67.43333333333334,64.06666666666666,46.75,37.733333333333334,68.79166666666666,,96.83333333333333
175,22.533333333333335,95.25,54.65,60.28333333333333,55.28333333333333,41.416666666666664,37.65,69.56666666666666,,80.26666666666667
176,23.033333333333335,91.5,54.21666666666667,72.21666666666667,60.63333333333333,47.63333333333333,38.666666666666664,70.45,,81.65
177,21.516666666666666,81.06666666666666,51.53333333333333,68.63333333333334,58.483333333333334,47.25,48.1,66.775,,82.4
178,23.816666666666666,97.96666666666667,55.61666666666667,73.91666666666667,53.95,50.2,45.55,70.01666666666667,,81.45
179,22.85,96.06666666666666,54.18333333333333,63.38333333333333,59.5,46.483333333333334,42.36666666666667,73.70833333333333,,84.91666666666667
180,21.516666666666666,82.15,53.13333333333333,72.03333333333333,61.78333333333333,48.13333333333333,39.93333333333333,71.85,,80.05
181,27.816666666666666,97.85,54.71666666666667,60.31666666666667,67.06666666666666,46.266666666666666,46.61666666666667,67.09166666666667,,86.06666666666666
182,22.016666666666666,83.65,54.2,67.88333333333334,55.05,38.95,45.43333333333333,70.19166666666666,,81.15
183,23.966666666666665,97.55,53.46666666666667,71.28333333333333,57.4,41.6,41.583333333333336,65.79166666666667,,79.73333333333333
184,24.016666666666666,92.16666666666667,58.11666666666667,75.5,58.25,42.86666666666667,47.13333333333333,67.075,,89.91666666666667
185,23.65,96.3,53.266666666666666,66.93333333333334,53.53333333333333,44.46666666666667,53.3,65.575,,87.03333333333333
186,24.416666666666668,85.9,54.083333333333336,73.41666666666667,54.55,46.36666666666667,49.75,66.51666666666667,,91.93333333333334
187,23.533333333333335,98.75,56.2,76.83333333333333,85.76666666666667,45.78333333333333,44.4,72.43333333333334,,89.96666666666667
188,26.016666666666666,93.68333333333334,59.36666666666667,72.66666666666667,54.63333333333333,50.43333333333333,48.55,68.925,,82.85
189,23.016666666666666,103.85,53.53333333333333,71.88333333333334,58.35,43.416666666666664,48.03333333333333,67.61666666666667,,82.08333333333333
190,25.483333333333334,93.55,55.03333333333333,75.03333333333333,54.55,44.28333333333333,41.583333333333336,67.30833333333334,,82.13333333333334
191,25.516666666666666,96.63333333333334,59.85,68.03333333333333,56.25,44.983333333333334,39.8,67.89166666666667,,84.3
192,25.033333333333335,96.18333333333334,52.86666666666667,72.76666666666667,52.21666666666667,45.36666666666667,40.06666666666667,66.44166666666666,,105.38333333333334
193,22.0,96.73333333333333,55.71666666666667,72.03333333333333,53.6,46.583333333333336,47.233333333333334,66.36666666666667,,95.33333333333333
194,18.8,83.93333333333334,59.93333333333333,67.5,58.45,51.0,45.0,72.23333333333333,,82.0
195,22.533333333333335,104.4,53.65,62.583333333333336,72.06666666666666,46.21666666666667,41.21666666666667,65.45,,84.16666666666667
196,21.0,90.95,57.38333333333333,73.4,53.93333333333333,45.416666666666664,46.05,67.44166666666666,,105.38333333333334
197,24.033333333333335,98.66666666666667,60.016666666666666,72.35,60.5,48.65,47.18333333333333,69.29166666666667,,80.13333333333334
198,22.516666666666666,95.2,54.36666666666667,73.86666666666666,58.13333333333333,44.166666666666664,44.13333333333333,66.38333333333333,,81.05
199,24.0,83.91666666666667,59.86666666666667,70.98333333333333,58.38333333333333,46.21666666666667,42.43333333333333,65.30833333333334,,82.63333333333334
200,23.516666666666666,100.08333333333333,59.233333333333334,64.61666666666666,57.083333333333336,45.38333333333333,44.56666666666667,70.85833333333333,,84.11666666666666
201,25.033333333333335,99.41666666666667,53.75,71.1,54.63333333333333,45.21666666666667,49.38333333333333,67.29166666666667,,92.41666666666667
202,23.516666666666666,93.55,55.7,67.96666666666667,56.31666666666667,39.13333333333333,46.65,66.97500000000001,,79.71666666666667
203,25.533333333333335,83.43333333333334,55.333333333333336,72.8,54.06666666666667,45.25,48.43333333333333,66.42500000000001,,78.43333333333334
204,25.516666666666666,93.11666666666666,56.28333333333333,76.71666666666667,52.71666666666667,44.71666666666667,47.55,69.19166666666666,,84.28333333333333
205,21.516666666666666,99.93333333333334,56.45,63.21666666666667,64.63333333333334,45.45,45.2,68.46666666666667,,81.76666666666667
206,23.016666666666666,83.88333333333334,55.083333333333336,70.91666666666667,70.96666666666667,39.166666666666664,46.56666666666667,68.7,,95.35
207,28.55,100.13333333333334,55.68333333333333,63.6,57.016666666666666,44.333333333333336,43.516666666666666,67.925,,96.88333333333334
208,22.016666666666666,94.96666666666667,60.61666666666667,70.58333333333333,57.63333333333333,44.55,44.0,64.99166666666666,,84.71666666666667
209,26.016666666666666,52.61666666666667,53.28333333333333,62.81666666666667,56.56666666666667,44.15,38.55,72.19166666666666,,89.36666666666666
210,24.533333333333335,100.26666666666667,56.833333333333336,64.26666666666667,65.65,49.75,39.18333333333333,69.76666666666667,,79.56666666666666
211,25.566666666666666,83.96666666666667,59.516666666666666,81.83333333333333,54.88333333333333,40.93333333333333,52.333333333333336,67.60000000000001,,80.81666666666666
212,28.3,98.86666666666666,64.6,70.73333333333333,52.0,45.78333333333333,39.11666666666667,70.6,,87.86666666666666
213,25.766666666666666,89.4,56.4,71.56666666666666,55.483333333333334,46.416666666666664,43.9,68.20833333333334,,84.55
214,23.533333333333335,97.55,59.35,67.08333333333333,56.56666666666667,46.75,48.03333333333333,68.425,,79.58333333333333
215,25.033333333333335,106.75,59.81666666666667,62.9,52.35,46.15,74.85,68.125,,79.21666666666667
216,23.533333333333335,93.18333333333334,63.31666666666667,74.26666666666667,66.86666666666666,47.766666666666666,69.56666666666666,69.20833333333334,,86.78333333333333
217,21.15,102.73333333333333,61.5,65.76666666666667,59.78333333333333,44.2,49.016666666666666,66.27499999999999,,85.6
218,24.033333333333335,107.2,55.916666666666664,70.65,64.13333333333334,43.7,43.13333333333333,68.20833333333334,,90.56666666666666
219,27.05,83.7,70.63333333333334,71.46666666666667,67.58333333333333,45.516666666666666,44.733333333333334,67.30833333333334,,80.58333333333333
220,31.083333333333332,98.3,56.15,68.51666666666667,63.71666666666667,46.083333333333336,49.21666666666667,67.525,,81.66666666666667
221,25.533333333333335,91.93333333333334,56.3,62.05,56.55,46.78333333333333,41.416666666666664,66.15,,98.38333333333334
222,22.683333333333334,98.21666666666667,59.6,70.4,51.333333333333336,47.516666666666666,46.96666666666667,67.70833333333333,,79.68333333333334
223,25.516666666666666,86.56666666666666,58.55,66.88333333333334,60.916666666666664,42.75,43.666666666666664,71.65833333333333,,81.65
224,24.783333333333335,91.41666666666667,54.81666666666667,60.36666666666667,56.65,52.016666666666666,39.266666666666666,73.45833333333334,,101.98333333333333
225,23.016666666666666,98.33333333333333,58.266666666666666,70.91666666666667,56.21666666666667,44.95,38.68333333333333,66.33333333333334,,86.28333333333333
226,22.033333333333335,99.35,55.6,74.96666666666667,56.95,45.25,42.05,64.45,,94.11666666666666
227,23.55,109.06666666666666,57.28333333333333,79.0,68.15,46.03333333333333,48.6,71.43333333333334,,80.33333333333333
228,23.533333333333335,91.6,58.93333333333333,66.28333333333333,56.9,47.61666666666667,44.233333333333334,66.23333333333333,,86.68333333333334
229,24.533333333333335,96.06666666666666,57.766666666666666,62.68333333333333,52.8,48.88333333333333,44.15,66.775,,104.93333333333334
230,25.133333333333333,80.9,60.95,69.81666666666666,55.766666666666666,46.2,46.666666666666664,68.44166666666666,,81.45
231,23.516666666666666,94.71666666666667,59.13333333333333,63.21666666666667,68.05,46.71666666666667,45.233333333333334,68.41666666666667,,79.16666666666667
232,24.516666666666666,103.25,58.28333333333333,68.73333333333333,55.15,46.833333333333336,45.95,68.41666666666666,,84.06666666666666
233,27.016666666666666,85.18333333333334,63.766666666666666,64.18333333333334,55.35,47.43333333333333,40.53333333333333,67.64166666666667,,81.13333333333334
234,24.533333333333335,92.95,60.0,72.38333333333334,55.8,46.4,46.3,67.65,,82.33333333333333
235,24.033333333333335,101.0,64.0,65.91666666666667,54.75,52.21666666666667,53.3,69.25833333333333,,101.7
236,22.05,103.16666666666667,59.13333333333333,62.46666666666667,62.5,44.6,42.666666666666664,66.65833333333333,,131.88333333333333
237,22.016666666666666,99.4,56.516666666666666,63.31666666666667,61.85,44.516666666666666,44.416666666666664,66.81666666666666,,87.5
238,22.55,99.3,57.9,76.9,62.71666666666667,50.71666666666667,44.916666666666664,69.23333333333333,,80.23333333333333
239,21.533333333333335,100.63333333333334,54.733333333333334,66.73333333333333,60.016666666666666,50.4,42.083333333333336,69.40833333333333,,93.81666666666666
240,21.516666666666666,101.7,54.4,62.166666666666664,55.05,45.78333333333333,40.55,63.34166666666667,,107.48333333333333
241,24.016666666666666,85.15,57.083333333333336,70.58333333333333,55.166666666666664,46.81666666666667,49.96666666666667,70.46666666666667,,79.13333333333334
242,24.5,102.26666666666667,62.71666666666667,70.51666666666667,56.8,50.766666666666666,45.21666666666667,73.1,,76.95
243,23.516666666666666,99.43333333333334,57.4,71.08333333333333,62.516666666666666,43.13333333333333,43.9,64.68333333333334,,82.51666666666667
244,23.033333333333335,96.85,53.21666666666667,61.63333333333333,78.26666666666667,47.03333333333333,38.31666666666667,67.00833333333334,,82.45
245,25.033333333333335,96.75,57.416666666666664,64.8,69.43333333333334,53.416666666666664,37.46666666666667,68.70833333333333,,79.56666666666666
246,25.516666666666666,86.51666666666667,56.583333333333336,79.66666666666667,72.58333333333333,43.85,41.63333333333333,71.51666666666668,,85.25
247,23.016666666666666,105.8,53.266666666666666,66.6,63.13333333333333,44.53333333333333,43.483333333333334,65.68333333333334,,127.15
248,23.016666666666666,98.31666666666666,56.88333333333333,71.36666666666666,55.766666666666666,46.25,42.266666666666666,71.41666666666666,,103.55
249,23.033333333333335,101.26666666666667,54.28333333333333,65.56666666666666,58.56666666666667,45.38333333333333,40.766666666666666,70.025,,79.35
250,26.033333333333335,104.66666666666667,61.983333333333334,76.66666666666667,53.88333333333333,48.25,46.31666666666667,69.26666666666667,,101.63333333333334
251,23.533333333333335,91.13333333333334,56.18333333333333,70.25,67.0,47.166666666666664,47.28333333333333,66.625,,90.31666666666666
252,24.016666666666666,100.2,62.21666666666667,82.25,70.51666666666667,48.516666666666666,42.916666666666664,63.708333333333336,,79.6
253,24.016666666666666,98.25,54.96666666666667,67.6,68.86666666666666,43.5,41.2,65.63333333333333,,77.46666666666667
254,25.05,101.51666666666667,53.28333333333333,71.03333333333333,57.05,48.81666666666667,45.65,69.875,,79.4
255,23.016666666666666,98.06666666666666,57.3,63.75,62.13333333333333,41.63333333333333,44.666666666666664,66.925,,80.25
256,23.033333333333335,94.83333333333333,54.56666666666667,67.93333333333334,59.583333333333336,46.31666666666667,37.81666666666667,68.39166666666667,,81.85
257,24.033333333333335,84.93333333333334,57.46666666666667,71.16666666666667,69.66666666666667,46.55,46.43333333333333,72.30000000000001,,89.35
258,23.033333333333335,94.76666666666667,53.86666666666667,73.65,63.11666666666667,45.483333333333334,45.63333333333333,70.05000000000001,,38.03333333333333
259,23.733333333333334,97.05,59.81666666666667,70.13333333333334,63.516666666666666,47.63333333333333,42.583333333333336,73.075,,82.38333333333334
260,21.533333333333335,94.41666666666667,54.18333333333333,67.31666666666666,56.46666666666667,46.483333333333334,39.68333333333333,71.19999999999999,,103.0
261,22.033333333333335,84.76666666666667,55.68333333333333,70.2,59.93333333333333,51.1,42.3,68.91666666666666,,80.3
262,20.016666666666666,100.11666666666666,57.21666666666667,82.36666666666666,57.43333333333333,38.85,40.983333333333334,69.28333333333333,,98.98333333333333
263,20.516666666666666,91.63333333333334,62.96666666666667,83.88333333333334,54.56666666666667,47.95,39.016666666666666,71.525,,81.38333333333334
264,22.533333333333335,99.11666666666666,56.083333333333336,70.48333333333333,57.916666666666664,47.833333333333336,38.583333333333336,68.18333333333334,,90.35
265,23.516666666666666,97.8,54.53333333333333,79.15,58.06666666666667,40.2,40.983333333333334,69.13333333333334,,86.06666666666666
266,23.5,95.36666666666666,56.9,67.13333333333334,56.18333333333333,42.93333333333333,44.2,66.025,,91.91666666666667
267,25.05,97.31666666666666,62.7,70.53333333333333,59.36666666666667,47.78333333333333,42.016666666666666,70.16666666666666,,95.38333333333334
268,25.033333333333335,83.48333333333333,54.333333333333336,67.01666666666667,57.86666666666667,49.11666666666667,45.3,69.18333333333334,,84.66666666666667
269,24.016666666666666,99.01666666666667,66.75,71.01666666666667,55.43333333333333,48.18333333333333,43.3,70.95,,84.16666666666667
270,23.05,98.38333333333334,53.9,70.56666666666666,62.88333333333333,42.85,45.88333333333333,65.94999999999999,,84.7
271,23.033333333333335,100.21666666666667,55.45,72.11666666666666,67.15,49.083333333333336,48.35,67.43333333333334,,84.73333333333333
272,22.5,80.55,56.65,66.41666666666667,55.7,44.63333333333333,41.96666666666667,69.16666666666666,,103.43333333333334
273,26.516666666666666,95.95,60.5,70.55,57.38333333333333,46.1,44.266666666666666,68.325,,87.13333333333334
274,25.033333333333335,94.95,54.666666666666664,67.05,55.083333333333336,48.6,41.916666666666664,66.01666666666667,,80.8
275,22.533333333333335,98.83333333333333,57.13333333333333,64.2,65.93333333333334,44.45,43.5,70.29166666666666,,97.76666666666667
276,25.033333333333335,94.11666666666666,55.05,70.56666666666666,66.56666666666666,40.05,52.4,68.225,,87.85
277,23.533333333333335,98.1,57.81666666666667,67.65,,50.95,47.25,69.51666666666667,,87.68333333333334
278,24.533333333333335,95.9,62.43333333333333,66.81666666666666,,48.483333333333334,42.25,67.64166666666667,,80.4
279,24.533333333333335,97.51666666666667,59.31666666666667,65.38333333333334,,45.71666666666667,51.7,66.60833333333333,,94.86666666666666
280,25.033333333333335,93.16666666666667,60.18333333333333,68.31666666666666,,48.916666666666664,47.833333333333336,70.39166666666667,,104.93333333333334
281,25.016666666666666,87.46666666666667,62.733333333333334,70.81666666666666,,47.11666666666667,41.666666666666664,67.85833333333333,,78.01666666666667
282,22.033333333333335,99.05,55.35,71.6,,48.38333333333333,39.333333333333336,70.35833333333333,,80.36666666666666
283,22.033333333333335,90.26666666666667,57.016666666666666,68.41666666666667,,46.2,38.63333333333333,73.6,,80.36666666666666
284,22.566666666666666,92.23333333333333,64.45,70.8,,42.733333333333334,39.96666666666667,68.80833333333334,,85.81666666666666
285,23.316666666666666,98.91666666666667,69.85,66.8,,43.43333333333333,50.333333333333336,70.17500000000001,,109.36666666666666
286,24.516666666666666,98.56666666666666,57.86666666666667,61.06666666666667,,51.13333333333333,64.71666666666667,67.73333333333333,,84.83333333333333
287,24.516666666666666,95.18333333333334,54.65,70.31666666666666,,51.31666666666667,55.18333333333333,69.20833333333333,,93.85
288,25.016666666666666,99.38333333333334,53.96666666666667,62.1,,46.8,48.5,69.80833333333334,,86.88333333333334
289,24.05,96.11666666666666,57.96666666666667,65.45,,45.333333333333336,43.46666666666667,71.01666666666667,,87.58333333333333
290,23.033333333333335,86.51666666666667,55.95,65.56666666666666,,60.11666666666667,40.3,70.35,,97.71666666666667
291,24.083333333333332,104.53333333333333,57.45,70.83333333333333,,51.03333333333333,46.766666666666666,73.775,,84.78333333333333
292,24.033333333333335,97.85,66.71666666666667,63.06666666666667,,67.45,42.06666666666667,69.825,,89.66666666666667
293,25.55,95.5,61.766666666666666,67.5,,47.18333333333333,41.61666666666667,69.9,,95.41666666666667
294,23.533333333333335,97.63333333333334,56.36666666666667,62.916666666666664,,47.916666666666664,49.81666666666667,66.25,,90.96666666666667
295,26.016666666666666,92.2,59.583333333333336,72.08333333333333,,49.21666666666667,45.03333333333333,64.78333333333333,,75.21666666666667
296,24.016666666666666,107.91666666666667,58.9,71.85,,47.55,42.93333333333333,64.43333333333334,,78.06666666666666
297,24.016666666666666,93.75,54.31666666666667,60.083333333333336,,52.1,44.71666666666667,60.983333333333334,,79.93333333333334
298,23.533333333333335,99.15,59.71666666666667,71.36666666666666,,46.983333333333334,46.13333333333333,65.1,,81.31666666666666
299,25.033333333333335,100.1,64.16666666666667,77.28333333333333,,43.65,46.31666666666667,63.583333333333336,,89.73333333333333
300,22.533333333333335,97.9,54.31666666666667,59.9,,47.3,41.43333333333333,64.35,,83.16666666666667
301,22.516666666666666,94.48333333333333,54.43333333333333,75.15,,47.583333333333336,36.63333333333333,58.75,,92.71666666666667
302,23.033333333333335,106.18333333333334,58.45,65.56666666666666,,47.61666666666667,37.983333333333334,69.26666666666667,,81.66666666666667
303,21.533333333333335,109.88333333333334,54.6,71.63333333333334,,47.06666666666667,41.88333333333333,64.16666666666667,,75.91666666666667
304,22.033333333333335,83.11666666666666,59.416666666666664,66.86666666666666,,41.61666666666667,47.36666666666667,61.86666666666667,,100.88333333333334
305,22.05,97.88333333333334,58.68333333333333,73.68333333333334,,51.75,50.55,63.916666666666664,,93.21666666666667
306,24.683333333333334,92.58333333333333,58.9,66.56666666666666,,41.6,43.05,60.63333333333333,,80.01666666666667
307,23.016666666666666,81.63333333333334,63.55,70.08333333333333,,45.0,42.28333333333333,64.38333333333334,,84.26666666666667
308,26.516666666666666,97.13333333333334,56.166666666666664,70.05,,47.63333333333333,44.766666666666666,62.233333333333334,,92.45
309,25.533333333333335,86.75,56.05,74.56666666666666,,40.266666666666666,44.53333333333333,69.78333333333333,,82.58333333333333
310,22.516666666666666,98.41666666666667,57.15,70.91666666666667,,45.266666666666666,50.88333333333333,68.43333333333334,,94.76666666666667
311,21.133333333333333,100.31666666666666,63.61666666666667,62.15,,47.916666666666664,41.5,63.63333333333333,,111.33333333333333
312,26.533333333333335,94.83333333333333,62.45,69.93333333333334,,51.43333333333333,42.03333333333333,59.6,,101.0
313,22.516666666666666,94.38333333333334,56.28333333333333,72.5,,45.85,41.7,67.91666666666667,,81.26666666666667
314,22.016666666666666,92.71666666666667,62.233333333333334,66.05,,46.25,46.733333333333334,68.6,,120.68333333333334
315,23.4,99.6,56.43333333333333,70.16666666666667,,46.28333333333333,44.38333333333333,63.1,,77.5
316,21.533333333333335,97.16666666666667,54.766666666666666,74.53333333333333,,55.55,42.35,71.03333333333333,,95.91666666666667
317,25.316666666666666,84.11666666666666,60.65,67.88333333333334,,44.4,41.75,86.68333333333334,,91.63333333333334
318,22.016666666666666,99.68333333333334,56.166666666666664,70.56666666666666,,46.016666666666666,45.28333333333333,85.26666666666667,,82.15
319,20.283333333333335,102.08333333333333,63.35,67.76666666666667,,46.233333333333334,46.733333333333334,70.88333333333334,,88.8
320,20.416666666666668,102.41666666666667,56.96666666666667,63.86666666666667,,44.28333333333333,44.21666666666667,68.1,,112.66666666666667
321,21.533333333333335,96.66666666666667,54.766666666666666,70.38333333333334,,52.666666666666664,44.083333333333336,80.1,,94.18333333333334
322,23.15,99.16666666666667,60.86666666666667,75.51666666666667,,48.333333333333336,40.733333333333334,69.15,,82.91666666666667
323,24.533333333333335,109.03333333333333,59.43333333333333,69.78333333333333,,48.483333333333334,45.11666666666667,69.66666666666667,,96.4
324,25.283333333333335,96.95,60.833333333333336,72.8,,43.86666666666667,41.4,67.53333333333333,,89.36666666666666
325,25.016666666666666,106.86666666666666,62.8,66.88333333333334,,43.666666666666664,40.166666666666664,60.85,,105.83333333333333
326,23.033333333333335,99.53333333333333,84.01666666666667,61.666666666666664,,47.733333333333334,40.333333333333336,72.23333333333333,,85.46666666666667
327,25.016666666666666,92.4,75.8,74.83333333333333,,44.416666666666664,43.983333333333334,71.25,,96.15
328,22.533333333333335,108.65,68.63333333333334,67.71666666666667,,42.833333333333336,42.9,76.01666666666667,,84.8
329,23.033333333333335,100.48333333333333,55.21666666666667,73.08333333333333,,42.93333333333333,41.016666666666666,67.58333333333333,,100.38333333333334
330,25.533333333333335,114.11666666666666,62.85,70.45,,46.7,43.583333333333336,69.78333333333333,,81.86666666666666
331,24.1,102.01666666666667,61.45,70.95,,46.81666666666667,50.31666666666667,61.81666666666667,,80.1
332,22.516666666666666,104.08333333333333,54.083333333333336,61.43333333333333,,46.11666666666667,44.0,66.51666666666667,,84.08333333333333
333,22.533333333333335,99.23333333333333,65.4,71.93333333333334,,47.1,39.733333333333334,64.36666666666666,,104.1
334,22.85,97.51666666666667,66.51666666666667,59.6,,48.083333333333336,47.266666666666666,64.61666666666666,,94.9
335,24.016666666666666,108.31666666666666,66.15,69.93333333333334,,47.65,39.88333333333333,62.05,,82.6
336,24.516666666666666,104.65,62.06666666666667,72.43333333333334,,42.18333333333333,40.7,62.0,,91.65
337,22.516666666666666,93.5,60.15,64.85,,48.61666666666667,44.55,62.18333333333333,,84.08333333333333
338,21.833333333333332,99.08333333333333,55.55,66.91666666666667,,40.35,44.65,63.2,,109.16666666666667
339,24.516666666666666,98.41666666666667,54.4,78.35,,47.55,45.083333333333336,64.51666666666667,,82.5
340,26.033333333333335,94.16666666666667,55.68333333333333,68.08333333333333,,47.38333333333333,43.4,68.2,,86.98333333333333
341,21.516666666666666,96.73333333333333,58.21666666666667,74.28333333333333,,39.166666666666664,38.38333333333333,69.46666666666667,,91.43333333333334
342,22.516666666666666,91.55,58.6,68.2,,46.06666666666667,40.18333333333333,60.65,,87.08333333333333
343,21.016666666666666,106.55,61.25,66.51666666666667,,47.3,49.06666666666667,62.18333333333333,,79.65
344,25.516666666666666,86.41666666666667,56.5,60.81666666666667,,47.2,40.233333333333334,63.65,,79.86666666666666
345,24.533333333333335,87.65,54.4,71.63333333333334,,48.28333333333333,41.75,60.6,,105.95
346,22.016666666666666,100.06666666666666,54.983333333333334,70.1,,57.85,46.983333333333334,64.15,,83.4
347,24.85,94.76666666666667,56.25,69.83333333333333,,49.53333333333333,42.6,60.333333333333336,,94.53333333333333
348,23.283333333333335,83.21666666666667,54.38333333333333,70.2,,56.65,45.31666666666667,63.35,,85.83333333333333
349,23.533333333333335,108.08333333333333,56.28333333333333,61.46666666666667,,48.4,41.2,63.0,,99.9
350,24.166666666666668,100.16666666666667,56.2,72.03333333333333,,54.983333333333334,45.03333333333333,60.13333333333333,,82.48333333333333
351,23.516666666666666,86.15,59.1,67.11666666666666,,44.333333333333336,44.1,63.1,,94.38333333333334
352,24.016666666666666,98.76666666666667,62.75,70.86666666666666,,49.21666666666667,41.75,59.166666666666664,,106.18333333333334
353,24.316666666666666,93.1,58.55,59.88333333333333,,42.53333333333333,45.1,64.85,,95.4
354,27.033333333333335,93.71666666666667,55.13333333333333,,,47.9,41.516666666666666,66.75,,78.48333333333333
355,25.533333333333335,86.48333333333333,56.8,,,55.06666666666667,38.1,67.2,,84.11666666666666
356,24.516666666666666,98.38333333333334,56.1,,,50.93333333333333,37.53333333333333,68.98333333333333,,98.38333333333334
357,24.05,94.63333333333334,56.083333333333336,,,42.233333333333334,39.516666666666666,63.13333333333333,,82.36666666666666
358,22.033333333333335,81.18333333333334,61.733333333333334,,,46.61666666666667,47.266666666666666,66.4,,81.5
359,25.016666666666666,99.56666666666666,53.983333333333334,,,57.78333333333333,44.46666666666667,66.33333333333333,,80.75
360,24.016666666666666,94.05,53.61666666666667,,,43.25,42.15,66.0,,80.45
361,25.033333333333335,82.23333333333333,58.53333333333333,,,52.233333333333334,43.016666666666666,68.18333333333334,,79.36666666666666
362,20.466666666666665,92.25,53.516666666666666,,,44.36666666666667,40.25,63.7,,85.05
363,22.016666666666666,99.65,54.583333333333336,,,43.46666666666667,46.266666666666666,62.03333333333333,,108.0
364,22.05,101.95,57.06666666666667,,,41.78333333333333,44.916666666666664,65.48333333333333,,81.06666666666666
365,22.516666666666666,99.96666666666667,57.61666666666667,,,47.05,45.266666666666666,65.8,,84.05
366,22.016666666666666,93.71666666666667,,,,48.483333333333334,43.05,61.9,,89.88333333333334
367,20.316666666666666,103.2,,,,47.38333333333333,48.06666666666667,70.06666666666666,,121.15
368,21.533333333333335,87.46666666666667,,,,47.1,43.53333333333333,64.21666666666667,,96.56666666666666
369,21.516666666666666,97.41666666666667,,,,41.86666666666667,43.233333333333334,69.31666666666666,,85.5
370,22.016666666666666,82.78333333333333,,,,91.61666666666666,43.9,64.26666666666667,,83.11666666666666
371,25.016666666666666,93.26666666666667,,,,70.43333333333334,41.46666666666667,71.46666666666667,,97.93333333333334
372,25.016666666666666,82.66666666666667,,,,53.53333333333333,35.35,65.2,,82.0
373,24.95,99.66666666666667,,,,48.38333333333333,37.21666666666667,99.18333333333334,,105.43333333333334
374,35.766666666666666,97.7,,,,47.81666666666667,44.5,66.88333333333334,,81.05
375,24.05,98.83333333333333,,,,59.11666666666667,53.11666666666667,63.2,,83.0
376,24.016666666666666,87.05,,,,47.56666666666667,46.31666666666667,67.31666666666666,,85.36666666666666
377,23.016666666666666,101.75,,,,47.78333333333333,45.083333333333336,66.61666666666666,,79.8
378,24.033333333333335,99.35,,,,40.13333333333333,43.53333333333333,67.93333333333334,,88.35
379,23.05,102.68333333333334,,,,46.516666666666666,50.983333333333334,67.98333333333333,,88.01666666666667
380,23.516666666666666,102.21666666666667,,,,48.833333333333336,42.916666666666664,62.53333333333333,,106.18333333333334
381,25.05,91.81666666666666,,,,48.93333333333333,42.0,67.38333333333334,,94.9
382,23.033333333333335,92.35,,,,52.266666666666666,44.166666666666664,62.95,,79.98333333333333
383,23.533333333333335,92.78333333333333,,,,45.25,49.266666666666666,63.93333333333333,,93.91666666666667
384,23.566666666666666,90.16666666666667,,,,48.2,44.766666666666666,64.8,,84.93333333333334
385,25.033333333333335,,,,,46.05,42.15,62.333333333333336,,89.38333333333334
386,24.016666666666666,,,,,45.68333333333333,42.18333333333333,62.25,,94.96666666666667
387,23.016666666666666,,,,,47.78333333333333,46.016666666666666,61.233333333333334,,79.53333333333333
388,22.016666666666666,,,,,45.35,48.983333333333334,63.61666666666667,,79.26666666666667
389,22.016666666666666,,,,,45.03333333333333,46.28333333333333,64.41666666666667,,104.05
390,22.033333333333335,,,,,47.333333333333336,43.63333333333333,62.233333333333334,,93.36666666666666
391,22.016666666666666,,,,,49.983333333333334,44.35,64.55,,84.96666666666667
392,20.033333333333335,,,,,46.083333333333336,42.61666666666667,63.53333333333333,,106.48333333333333
393,24.533333333333335,,,,,44.55,45.85,64.81666666666666,,80.16666666666667
394,28.633333333333333,,,,,55.516666666666666,41.06666666666667,63.63333333333333,,78.13333333333334
395,24.7,,,,,49.15,44.2,64.01666666666667,,85.58333333333333
396,26.033333333333335,,,,,45.21666666666667,45.833333333333336,64.83333333333333,,83.28333333333333
397,24.533333333333335,,,,,45.8,43.516666666666666,68.23333333333333,,99.9
398,25.533333333333335,,,,,47.86666666666667,48.68333333333333,62.71666666666667,,81.28333333333333
399,27.033333333333335,,,,,46.95,48.266666666666666,67.78333333333333,,81.93333333333334
400,24.9,,,,,39.266666666666666,44.86666666666667,67.91666666666667,,94.15
401,25.016666666666666,,,,,47.45,42.75,64.45,,79.61666666666666
402,24.516666666666666,,,,,46.583333333333336,40.2,61.38333333333333,,77.26666666666667
403,23.533333333333335,,,,,41.516666666666666,47.06666666666667,64.16666666666667,,82.85
404,23.516666666666666,,,,,56.016666666666666,44.38333333333333,63.733333333333334,,87.38333333333334
405,26.033333333333335,,,,,47.78333333333333,45.233333333333334,69.31666666666666,,92.4
406,21.966666666666665,,,,,45.733333333333334,45.8,66.88333333333334,,109.71666666666667
407,20.533333333333335,,,,,44.5,41.28333333333333,72.83333333333333,,94.38333333333334
408,24.033333333333335,,,,,47.65,41.43333333333333,66.21666666666667,,82.36666666666666
409,21.016666666666666,,,,,41.03333333333333,44.65,73.31666666666666,,94.81666666666666
410,21.533333333333335,,,,,50.5,41.63333333333333,68.2,,81.88333333333334
411,21.533333333333335,,,,,46.03333333333333,36.63333333333333,73.01666666666667,,114.15
412,23.016666666666666,,,,,44.21666666666667,,63.7,,85.33333333333333
413,25.033333333333335,,,,,39.333333333333336,,66.15,,89.86666666666666
414,24.516666666666666,,,,,46.21666666666667,,64.88333333333334,,88.46666666666667
415,23.033333333333335,,,,,47.05,,63.78333333333333,,84.38333333333334
416,24.516666666666666,,,,,46.78333333333333,,65.91666666666667,,84.7
417,24.3,,,,,45.983333333333334,,62.46666666666667,,86.91666666666667
418,24.533333333333335,,,,,46.4,,67.43333333333334,,84.3
419,24.833333333333332,,,,,39.03333333333333,,,,95.06666666666666
420,24.0,,,,,46.46666666666667,,,,94.78333333333333
421,23.533333333333335,,,,,41.666666666666664,,,,81.45
422,25.516666666666666,,,,,42.25,,,,78.41666666666667
423,27.516666666666666,,,,,43.28333333333333,,,,105.1
424,23.016666666666666,,,,,41.766666666666666,,,,79.3
425,24.533333333333335,,,,,43.31666666666667,,,,84.85
426,26.016666666666666,,,,,48.46666666666667,,,,83.66666666666667
427,24.533333333333335,,,,,44.55,,,,89.13333333333334
428,22.533333333333335,,,,,64.5,,,,88.01666666666667
429,22.516666666666666,,,,,43.916666666666664,,,,97.91666666666667
430,22.633333333333333,,,,,48.15,,,,64.73333333333333
431,24.016666666666666,,,,,41.983333333333334,,,,80.16666666666667
432,22.75,,,,,47.1,,,,81.58333333333333
433,22.033333333333335,,,,,43.5,,,,55.56666666666667
434,23.016666666666666,,,,,48.75,,,,80.66666666666667
435,23.783333333333335,,,,,46.88333333333333,,,,81.8
436,26.316666666666666,,,,,44.18333333333333,,,,93.46666666666667
437,24.516666666666666,,,,,46.45,,,,80.41666666666667
438,22.55,,,,,51.93333333333333,,,,82.83333333333333
439,26.183333333333334,,,,,47.53333333333333,,,,79.71666666666667
440,24.033333333333335,,,,,46.25,,,,79.43333333333334
441,25.516666666666666,,,,,45.46666666666667,,,,92.4
442,23.016666666666666,,,,,46.266666666666666,,,,88.65
443,26.533333333333335,,,,,46.46666666666667,,,,86.0
444,26.033333333333335,,,,,46.833333333333336,,,,80.68333333333334
445,24.516666666666666,,,,,49.983333333333334,,,,86.31666666666666
446,25.516666666666666,,,,,50.38333333333333,,,,
447,26.533333333333335,,,,,42.233333333333334,,,,
448,24.0,,,,,47.75,,,,
449,25.033333333333335,,,,,46.983333333333334,,,,
450,26.35,,,,,47.11666666666667,,,,
451,24.033333333333335,,,,,48.05,,,,
452,23.05,,,,,47.11666666666667,,,,
453,22.533333333333335,,,,,48.45,,,,
454,20.516666666666666,,,,,45.416666666666664,,,,
455,22.533333333333335,,,,,45.266666666666666,,,,
456,22.033333333333335,,,,,50.8,,,,
457,24.033333333333335,,,,,45.43333333333333,,,,
458,26.516666666666666,,,,,46.416666666666664,,,,
459,25.533333333333335,,,,,46.3,,,,
460,24.516666666666666,,,,,47.96666666666667,,,,
461,23.033333333333335,,,,,47.25,,,,
462,24.533333333333335,,,,,45.4,,,,
463,24.033333333333335,,,,,44.266666666666666,,,,
464,24.033333333333335,,,,,49.85,,,,
465,25.533333333333335,,,,,45.28333333333333,,,,
466,24.533333333333335,,,,,43.93333333333333,,,,
467,23.033333333333335,,,,,43.15,,,,
468,26.016666666666666,,,,,43.13333333333333,,,,
469,25.016666666666666,,,,,42.13333333333333,,,,
470,24.516666666666666,,,,,,,,,
471,24.016666666666666,,,,,,,,,
472,21.8,,,,,,,,,
473,24.016666666666666,,,,,,,,,
474,23.033333333333335,,,,,,,,,
475,21.516666666666666,,,,,,,,,
476,23.016666666666666,,,,,,,,,
477,20.533333333333335,,,,,,,,,
478,21.533333333333335,,,,,,,,,
479,22.033333333333335,,,,,,,,,
